segment_id,rate_of_penetration
wellbore_chev_no_14_665,22.679641475979988
wellbore_chev_no_14_681,147.6169917259395
wellbore_chev_no_14_682,140.18954409623947
wellbore_chev_no_14_683,136.86202520618
wellbore_chev_no_14_684,123.7921392564804
wellbore_chev_no_14_685,97.66453862447997
wellbore_chev_no_14_686,103.91011599808027
wellbore_chev_no_14_687,70.78755654382013
wellbore_chev_no_14_688,74.3599053446601
wellbore_chev_no_14_689,85.81542408878005
wellbore_chev_no_14_690,105.70917000414023
wellbore_chev_no_14_691,102.2592343676601
wellbore_chev_no_14_692,100.64785533155977
wellbore_chev_no_14_693,136.7758115110596
wellbore_chev_no_14_694,128.5497503419599
wellbore_chev_no_14_695,114.46365526758002
wellbore_chev_no_14_696,119.54913927923977
wellbore_chev_no_14_697,141.43445516637973
wellbore_chev_no_14_698,120.89207826718022
wellbore_chev_no_14_699,98.26579452568023
wellbore_chev_no_14_700,130.43625236952033
wellbore_chev_no_14_701,131.88123291721965
wellbore_chev_no_14_702,137.1694872663199
wellbore_chev_no_14_703,130.76007130603992
wellbore_chev_no_14_704,114.41051675395966
wellbore_chev_no_14_705,135.7610772495397
wellbore_chev_no_14_706,124.38810239434007
wellbore_chev_no_14_707,119.83294622179982
wellbore_chev_no_14_708,119.95892961102044
wellbore_chev_no_14_709,97.73252111549999
wellbore_chev_no_14_710,122.6594882901997
wellbore_chev_no_14_711,154.90713706025952
wellbore_chev_no_14_712,131.35196141847948
wellbore_chev_no_14_713,125.45269834515987
wellbore_chev_no_14_714,125.22872932839984
wellbore_chev_no_14_715,154.25724737331976
wellbore_chev_no_14_716,140.08439829235982
wellbore_chev_no_14_717,143.05331964831961
wellbore_chev_no_14_718,155.11372243723966
wellbore_chev_no_14_719,156.50912055033942
wellbore_chev_no_14_720,144.85993102793952
wellbore_chev_no_14_721,132.32634663913996
wellbore_chev_no_14_722,127.95320816629982
wellbore_chev_no_14_723,120.55492329866004
wellbore_chev_no_14_724,124.54316711637988
wellbore_chev_no_14_725,116.9413318768801
wellbore_chev_no_14_726,151.8103752645798
wellbore_chev_no_14_727,129.4897179501998
wellbore_chev_no_14_728,129.29806398199975
wellbore_chev_no_14_729,133.6211153325801
wellbore_chev_no_14_730,148.90916981923965
wellbore_chev_no_14_731,146.78144448375963
wellbore_chev_no_14_732,93.83138850682
wellbore_chev_no_14_733,97.58902587601992
wellbore_chev_no_14_734,142.92282138077965
wellbore_chev_no_14_735,130.54276638053983
wellbore_chev_no_14_736,81.36544609038
wellbore_chev_no_14_737,136.0865720964196
wellbore_chev_no_14_738,120.35662076287969
wellbore_chev_no_14_739,118.1766875244399
wellbore_chev_no_14_740,108.47389021027988
wellbore_chev_no_14_741,104.09296447038005
wellbore_chev_no_14_742,112.80864799050012
wellbore_chev_no_14_743,105.5274736112601
wellbore_chev_no_14_744,100.54323003188
wellbore_chev_no_14_745,96.02381064521973
wellbore_chev_no_14_746,113.58204875525998
wellbore_chev_no_14_747,115.86319579509986
wellbore_chev_no_14_748,112.88939699189957
wellbore_chev_no_14_749,95.97589743575979
wellbore_chev_no_14_750,101.71478981691973
wellbore_chev_no_14_751,112.73437082965988
wellbore_chev_no_14_752,125.98180823918051
wellbore_chev_no_14_753,80.65007533988002
wellbore_chev_no_14_754,78.43969646193983
wellbore_chev_no_14_755,99.51279469491988
wellbore_chev_no_14_756,109.80771563728011
wellbore_chev_no_14_757,109.57342988872047
wellbore_chev_no_14_758,113.96071203092042
wellbore_chev_no_14_759,109.21684308059956
wellbore_chev_no_14_760,136.3439598696401
wellbore_chev_no_14_761,132.50893050906038
wellbore_chev_no_14_762,130.82025673184037
wellbore_chev_no_14_763,130.25676112148008
wellbore_chev_no_14_764,121.45676603943956
wellbore_chev_no_14_765,111.75667709042008
wellbore_chev_no_14_766,111.91246587508013
wellbore_chev_no_14_767,108.17783100459974
wellbore_chev_no_14_768,108.7411048892199
wellbore_chev_no_14_769,104.48703561793998
wellbore_chev_no_14_770,106.42453900915983
wellbore_chev_no_14_771,90.88672323110005
wellbore_chev_no_14_772,83.11252932386002
wellbore_chev_no_14_773,101.44668584064014
wellbore_chev_no_14_774,98.27578490874033
wellbore_chev_no_14_775,101.39250615919994
wellbore_chev_no_14_776,101.09945568051992
wellbore_chev_no_14_777,105.99979994106015
wellbore_chev_no_14_778,116.24686115882027
wellbore_chev_no_14_779,104.94852128362028
wellbore_chev_no_14_780,103.06018139698037
wellbore_chev_no_14_781,96.89562688562005
wellbore_chev_no_14_782,102.73632836647998
wellbore_chev_no_14_783,105.73112942688007
wellbore_chev_no_14_784,105.9031342116003
wellbore_chev_no_14_785,102.84563992684005
wellbore_chev_no_14_786,102.94062474557991
wellbore_chev_no_14_787,105.70821648481986
wellbore_chev_no_14_788,102.44385390648033
wellbore_chev_no_14_789,99.49232625182033
wellbore_chev_no_14_790,103.42447396066036
wellbore_chev_no_14_791,103.40525600122
wellbore_chev_no_14_792,119.06672337111998
wellbore_chev_no_14_793,127.29288592096019
wellbore_chev_no_14_794,121.7471823898203
wellbore_chev_no_14_795,123.23700641908015
wellbore_chev_no_14_796,126.05169925607989
wellbore_chev_no_14_797,131.33600410606013
wellbore_chev_no_14_798,106.05540100422007
wellbore_chev_no_14_799,116.94959310953979
wellbore_chev_no_14_800,121.24011785280008
wellbore_chev_no_14_801,170.73244038746014
wellbore_chev_no_14_802,67.51048900640002
wellbore_chev_no_14_803,45.309897327049846
wellbore_chev_no_14_804,44.20154145127981
wellbore_chev_no_14_805,77.11926180808004
wellbore_chev_no_14_806,69.1519501237801
wellbore_chev_no_14_807,71.02669751476012
wellbore_chev_no_14_808,73.20367575619993
wellbore_chev_no_14_809,73.35745501449996
wellbore_chev_no_14_810,79.38070861883992
wellbore_chev_no_14_811,65.27631781661971
wellbore_chev_no_14_812,65.73068792160008
wellbore_chev_no_14_813,71.29486565882007
wellbore_chev_no_14_814,72.2374044623601
wellbore_chev_no_14_815,69.24859611004015
wellbore_chev_no_14_816,68.94238498630014
wellbore_chev_no_14_817,63.425715570719824
wellbore_chev_no_14_818,63.33760572073979
wellbore_chev_no_14_819,86.43524484374004
wellbore_chev_no_14_820,76.46497282525998
wellbore_chev_no_14_821,76.94073471694001
wellbore_chev_no_14_822,67.18701561966012
wellbore_chev_no_14_823,82.81168646899994
wellbore_chev_no_14_824,83.78546792279992
wellbore_chev_no_14_825,78.46394998617987
wellbore_chev_no_14_826,57.988048211879764
wellbore_chev_no_14_827,68.72855165851993
wellbore_chev_no_14_828,62.72425002588004
wellbore_chev_no_14_829,79.64712748037992
wellbore_chev_no_14_830,57.61198889329996
wellbore_chev_no_14_831,52.80511883903987
wellbore_chev_no_14_832,51.074446016419856
wellbore_chev_no_14_833,61.95957820344022
wellbore_chev_no_14_834,79.26973634837981
wellbore_chev_no_14_835,80.53061751644005
wellbore_chev_no_14_836,79.51351038348002
wellbore_chev_no_14_837,86.95699873610016
wellbore_chev_no_14_838,54.86305540685994
wellbore_chev_no_14_839,60.445732874879866
wellbore_chev_no_14_840,58.196576504479836
wellbore_chev_no_14_841,55.75527398621985
wellbore_chev_no_14_842,47.03782977566007
wellbore_chev_no_14_843,65.43780986407987
wellbore_chev_no_14_844,49.84352185506016
wellbore_chev_no_14_845,47.80608701490002
wellbore_chev_no_14_846,65.98575495752009
wellbore_chev_no_14_847,57.420311114000064
wellbore_chev_no_14_848,59.4103671648801
wellbore_chev_no_14_849,70.33168039274014
wellbore_chev_no_14_850,50.24028709533995
wellbore_chev_no_14_851,58.66769251428003
wellbore_chev_no_14_852,49.33341547479992
wellbore_chev_no_14_853,59.08298530861999
wellbore_chev_no_14_854,50.86682468279998
wellbore_chev_no_14_855,52.97509044396009
wellbore_chev_no_14_856,90.29109424714012
wellbore_chev_no_14_857,93.54959299895995
wellbore_chev_no_14_858,91.71240725143961
wellbore_chev_no_14_859,85.73619656229971
wellbore_chev_no_14_860,95.66477095669995
wellbore_chev_no_14_861,87.03490891912004
wellbore_chev_no_14_862,86.19170627432007
wellbore_chev_no_14_863,60.65469766877991
wellbore_chev_no_14_864,78.1436080546203
wellbore_chev_no_14_865,83.48901436088015
wellbore_chev_no_14_866,80.10170858862013
wellbore_chev_no_14_867,78.46167692242018
wellbore_chev_no_14_868,76.29107090422012
wellbore_chev_no_14_869,74.00164483124001
wellbore_chev_no_14_870,88.99599692546002
wellbore_chev_no_14_871,100.6020615269198
wellbore_chev_no_14_872,104.52145818305995
wellbore_chev_no_14_873,103.75752546473994
wellbore_chev_no_14_874,105.95626481181996
wellbore_chev_no_14_875,102.89818197658015
wellbore_chev_no_14_876,104.45933322187989
wellbore_chev_no_14_877,104.25048581116005
wellbore_chev_no_14_878,98.44762521586019
wellbore_chev_no_14_879,97.30902337938016
wellbore_chev_no_14_880,89.9797098225398
wellbore_chev_no_14_881,86.60829173230023
wellbore_chev_no_14_882,96.97973088552027
wellbore_chev_no_14_883,81.77418833992027
wellbore_chev_no_14_884,91.55275110618031
wellbore_chev_no_14_885,54.439486397399925
wellbore_chev_no_14_886,95.4627373458402
wellbore_chev_no_14_887,90.57632086817992
wellbore_chev_no_14_888,94.54190624998
wellbore_chev_no_14_889,100.76879330231993
wellbore_chev_no_14_890,99.59254796743984
wellbore_chev_no_14_891,96.75414069924021
wellbore_chev_no_14_892,100.23639049343986
wellbore_chev_no_14_893,65.52869414477993
wellbore_chev_no_14_894,112.91053238292045
wellbore_chev_no_14_895,113.37600601618041
wellbore_chev_no_14_896,112.52960954134036
wellbore_chev_no_14_897,103.64514064221974
wellbore_chev_no_14_898,116.9178473597602
wellbore_chev_no_14_899,113.81090904078005
wellbore_chev_no_14_900,114.38337196862031
wellbore_chev_no_14_901,76.29649965162001
wellbore_chev_no_14_902,87.23673219511993
wellbore_chev_no_14_903,90.82364512957987
wellbore_chev_no_14_904,88.44532201157985
wellbore_chev_no_14_905,91.3073516183998
wellbore_chev_no_14_906,92.6400867476599
wellbore_chev_no_14_907,70.78249316465997
wellbore_chev_no_14_908,70.67767684108007
wellbore_chev_no_14_909,72.01983295672008
wellbore_chev_no_14_910,72.36921905635992
wellbore_chev_no_14_911,78.44152570227979
wellbore_chev_no_14_912,72.93959150480002
wellbore_chev_no_14_913,76.02517232008003
wellbore_chev_no_14_914,79.88430707875997
wellbore_chev_no_14_915,83.25759425034
wellbore_chev_no_14_916,77.13108676496016
wellbore_chev_no_14_917,89.32308160826
wellbore_chev_no_14_918,86.21694722612008
wellbore_chev_no_14_919,83.08975182352009
wellbore_chev_no_14_920,82.71567169524008
wellbore_chev_no_14_921,76.57247679119995
wellbore_chev_no_14_922,66.97072185692001
wellbore_chev_no_14_923,81.73687868190012
wellbore_chev_no_14_924,91.01247327790004
wellbore_chev_no_14_925,89.88258897526002
wellbore_chev_no_14_926,84.11545023882005
wellbore_chev_no_14_927,72.72727330275985
wellbore_chev_no_14_928,67.11455363523987
wellbore_chev_no_14_929,93.91083666159996
wellbore_chev_no_14_930,94.86527074647992
wellbore_chev_no_14_931,99.83530114719989
wellbore_chev_no_14_932,80.03513092802002
wellbore_chev_no_14_933,84.25341114815996
wellbore_chev_no_14_934,89.1285153642799
wellbore_chev_no_14_935,92.7596491067799
wellbore_chev_no_14_936,83.32993237211991
wellbore_chev_no_14_937,91.29123728329989
wellbore_chev_no_14_938,80.42488867396003
wellbore_chev_no_14_939,77.98015922499992
wellbore_chev_no_14_940,76.35981395784006
wellbore_chev_no_14_941,76.58014876841997
wellbore_chev_no_14_942,77.27869783701998
wellbore_chev_no_14_943,76.25647203222007
wellbore_chev_no_14_944,72.82359471166012
wellbore_chev_no_14_945,70.53476438514014
wellbore_chev_no_14_946,68.95320781186011
wellbore_chev_no_14_947,68.98253219204004
wellbore_chev_no_14_948,69.11118228762
wellbore_chev_no_14_949,73.18574369440003
wellbore_chev_no_14_950,73.12978956798
wellbore_chev_no_14_951,68.4571722502202
wellbore_chev_no_14_952,72.72970194854004
wellbore_chev_no_14_953,71.48303774810017
wellbore_chev_no_14_954,67.79605057973984
wellbore_chev_no_14_955,66.28125820099979
wellbore_chev_no_14_956,72.81321820442
wellbore_chev_no_14_957,64.36519076331982
wellbore_chev_no_14_958,66.99651583425982
wellbore_chev_no_14_959,69.99002491375994
wellbore_chev_no_14_960,67.88990061373966
wellbore_chev_no_14_961,70.24766823531978
wellbore_chev_no_14_962,63.52198446569965
wellbore_chev_no_16_732,58.589141429440325
wellbore_chev_no_16_733,61.78364735929989
wellbore_chev_no_16_734,61.02126327130021
wellbore_chev_no_16_735,58.926133318879934
wellbore_chev_no_16_736,61.337050189580054
wellbore_chev_no_16_737,72.12405009015974
wellbore_chev_no_16_738,79.90369493595993
wellbore_chev_no_16_739,60.70726013522007
wellbore_chev_no_16_740,84.01342144415975
wellbore_chev_no_16_741,77.75052525667994
wellbore_chev_no_16_742,80.74887077214005
wellbore_chev_no_16_743,67.99694441986003
wellbore_chev_no_16_744,66.81554941663991
wellbore_chev_no_16_745,84.35786956382002
wellbore_chev_no_16_746,75.58853911145994
wellbore_chev_no_16_747,80.81337443214
wellbore_chev_no_16_748,80.18070843448008
wellbore_chev_no_16_749,76.58877214905996
wellbore_chev_no_16_750,82.47505791450013
wellbore_chev_no_16_751,81.49042793052011
wellbore_chev_no_16_752,76.82466388738005
wellbore_chev_no_16_753,82.23457880615996
wellbore_chev_no_16_754,80.23778746904
wellbore_chev_no_16_755,82.43488056852003
wellbore_chev_no_16_756,83.21077567411999
wellbore_chev_no_16_757,75.04445991393995
wellbore_chev_no_16_758,82.85142306196005
wellbore_chev_no_16_759,79.46571139686004
wellbore_chev_no_16_760,53.758693169140145
wellbore_chev_no_16_761,53.13059425392017
wellbore_chev_no_16_762,70.6804598342199
wellbore_chev_no_16_763,70.5953650186199
wellbore_chev_no_16_764,53.971921557120105
wellbore_chev_no_16_765,54.55121133930007
wellbore_chev_no_16_766,53.73402803156013
wellbore_chev_no_16_767,73.44682411419987
wellbore_chev_no_16_768,69.36233235249993
wellbore_chev_no_16_769,70.24685686817985
wellbore_chev_no_16_770,54.72019355638002
wellbore_chev_no_16_771,59.54536882406206
wellbore_chev_no_16_772,69.05196939219992
wellbore_chev_no_16_773,74.71585045313992
wellbore_chev_no_16_774,68.02402478153995
wellbore_chev_no_16_775,57.38580875200003
wellbore_chev_no_16_776,59.31133436888405
wellbore_chev_no_16_777,56.952118729900036
wellbore_chev_no_16_778,59.817542917460074
wellbore_chev_no_16_779,53.276844557980056
wellbore_chev_no_16_780,56.9837553883001
wellbore_chev_no_16_781,63.30902234129998
wellbore_chev_no_16_782,64.57063474160012
wellbore_chev_no_16_783,54.59772262158012
wellbore_chev_no_16_784,50.227888790680055
wellbore_chev_no_16_785,60.85645531409995
wellbore_chev_no_16_786,74.26493084455996
wellbore_chev_no_16_787,90.83939101861988
wellbore_chev_no_16_788,99.72223756068006
wellbore_chev_no_16_789,106.83240356540023
wellbore_chev_no_16_790,105.47151366842023
wellbore_chev_no_16_791,101.80572418764025
wellbore_chev_no_16_792,87.08183508809991
wellbore_chev_no_16_793,103.30372899598015
wellbore_chev_no_16_794,101.30742221070021
wellbore_chev_no_16_795,99.34232006888024
wellbore_chev_no_16_796,99.90074043628033
wellbore_chev_no_16_797,98.55877713414023
wellbore_chev_no_16_798,101.83187699692024
wellbore_chev_no_16_799,99.55536326116018
wellbore_chev_no_16_800,89.3065314047201
wellbore_chev_no_16_801,56.99137590409993
wellbore_chev_no_16_802,55.34097738540005
wellbore_chev_no_16_803,69.96342825873991
wellbore_chev_no_16_804,77.48529190619995
wellbore_chev_no_16_805,74.53857184457985
wellbore_chev_no_16_806,72.2553215571598
wellbore_chev_no_16_807,74.08978487339982
wellbore_chev_no_16_808,79.79002764170005
wellbore_chev_no_16_809,59.92032154132008
wellbore_chev_no_16_810,56.58398530498403
wellbore_chev_no_16_811,55.03170253347396
wellbore_chev_no_16_812,53.445760245606
wellbore_chev_no_16_813,54.43320058614001
wellbore_chev_no_16_814,58.22253927880005
wellbore_chev_no_16_815,59.40634169024006
wellbore_chev_no_16_816,68.51247791366005
wellbore_chev_no_16_817,68.64583511572003
wellbore_chev_no_16_818,63.51831452204012
wellbore_chev_no_16_819,66.44460853226005
wellbore_chev_no_16_820,56.080337051760054
wellbore_chev_no_16_821,62.64187683192002
wellbore_chev_no_16_822,51.787482490311945
wellbore_chev_no_16_823,52.26238434278594
wellbore_chev_no_16_824,58.774624065120015
wellbore_chev_no_16_825,62.45824125561997
wellbore_chev_no_16_826,57.19266481808001
wellbore_chev_no_16_827,50.07226948757402
wellbore_chev_no_16_828,53.16671527944397
wellbore_chev_no_16_829,58.74020359158004
wellbore_chev_no_16_830,67.79405586830015
wellbore_chev_no_16_831,68.00177505608013
wellbore_chev_no_16_832,67.96340851100014
wellbore_chev_no_16_833,67.6245937945601
wellbore_chev_no_16_834,58.00993119199997
wellbore_chev_no_16_835,55.05784071654004
wellbore_chev_no_16_836,54.599904319342016
wellbore_chev_no_16_837,47.074425874471935
wellbore_chev_no_16_838,47.29885736697192
wellbore_chev_no_16_839,52.145834601862006
wellbore_chev_no_16_840,49.70762690296197
wellbore_chev_no_16_841,71.16974690600405
wellbore_chev_no_16_842,69.56601888284602
wellbore_chev_no_16_843,58.373358146221925
wellbore_chev_no_16_844,44.75340289962993
wellbore_chev_no_16_845,47.359320311562016
wellbore_chev_no_16_846,50.471582086642044
wellbore_chev_no_16_847,51.975956051261974
wellbore_chev_no_16_848,46.358119121902035
wellbore_chev_no_16_849,45.957139325684054
wellbore_chev_no_16_850,47.612651606802075
wellbore_chev_no_16_851,46.557798863562034
wellbore_chev_no_16_852,44.52201388892002
wellbore_chev_no_16_853,50.62012598266606
wellbore_chev_no_16_854,47.80910390400802
wellbore_chev_no_16_855,45.007786492306025
wellbore_chev_no_16_856,42.30357820892792
wellbore_chev_no_16_857,42.929698693321946
wellbore_chev_no_16_858,49.49033822622
wellbore_chev_no_19_158,26.853329762829876
wellbore_chev_no_19_159,26.853329762829876
wellbore_chev_no_19_160,26.853329762829876
wellbore_chev_no_19_161,26.0882951363299
wellbore_chev_no_19_162,25.8581340988099
wellbore_chev_no_19_163,23.761517597369927
wellbore_chev_no_19_164,26.76674222602988
wellbore_chev_no_19_166,25.9204599751899
wellbore_chev_no_19_167,22.097834917499945
wellbore_chev_no_19_168,26.81948018174988
wellbore_chev_no_19_169,27.005585971169875
wellbore_chev_no_19_170,26.0807726349299
wellbore_chev_no_19_171,25.26286657676991
wellbore_chev_no_19_172,24.700942529169915
wellbore_chev_no_19_173,26.979354836149877
wellbore_chev_no_19_174,26.190523137069896
wellbore_chev_no_19_175,20.568421173339953
wellbore_chev_no_19_176,21.569563531829946
wellbore_chev_no_19_177,27.014518441869882
wellbore_chev_no_19_178,24.625480192249913
wellbore_chev_no_19_179,22.278034802679937
wellbore_chev_no_19_180,21.215694775619944
wellbore_chev_no_19_181,20.71246801271995
wellbore_chev_no_19_182,26.0807726349299
wellbore_chev_no_19_183,26.0652588371299
wellbore_chev_no_19_184,20.817471880379948
wellbore_chev_no_19_185,29.26283952708998
wellbore_chev_no_19_186,26.0881950424099
wellbore_chev_no_19_187,26.0982209684099
wellbore_chev_no_19_188,27.03550928626988
wellbore_chev_no_19_189,26.094176672069903
wellbore_chev_no_19_190,24.730865844269918
wellbore_chev_no_19_191,24.727925511729918
wellbore_chev_no_19_192,22.33108618983994
wellbore_chev_no_19_193,24.92732851883999
wellbore_chev_no_19_194,26.26938610192995
wellbore_chev_no_19_195,24.69329818142992
wellbore_chev_no_19_196,20.719941526939955
wellbore_chev_no_19_197,22.292454388069952
wellbore_chev_no_19_198,21.19771203251995
wellbore_chev_no_19_199,22.029930760639946
wellbore_chev_no_19_200,21.90174730165994
wellbore_chev_no_19_201,20.719941526939955
wellbore_chev_no_19_202,24.190821886769992
wellbore_chev_no_19_203,22.946194904809975
wellbore_chev_no_19_204,26.053495287369905
wellbore_chev_no_19_205,21.175210917489956
wellbore_chev_no_19_206,24.60648070774992
wellbore_chev_no_19_207,21.17898856931995
wellbore_chev_no_19_208,20.719941526939955
wellbore_chev_no_19_209,20.87414301679995
wellbore_chev_no_19_210,21.54431364486995
wellbore_chev_no_19_211,38.9770448758599
wellbore_chev_no_19_212,27.549963814529963
wellbore_chev_no_19_213,19.83994213993997
wellbore_chev_no_19_214,27.924355509619982
wellbore_chev_no_19_215,20.86920249019995
wellbore_chev_no_19_216,20.538687278519962
wellbore_chev_no_19_217,21.650975258459948
wellbore_chev_no_19_218,24.241728522539965
wellbore_chev_no_19_219,24.84035443051999
wellbore_chev_no_19_220,29.602378820519995
wellbore_chev_no_19_221,26.70276052971998
wellbore_chev_no_19_222,25.427760956090008
wellbore_chev_no_19_223,29.249636474129986
wellbore_chev_no_19_224,23.407872330029964
wellbore_chev_no_19_225,22.67914473016996
wellbore_chev_no_19_226,28.97941821004998
wellbore_chev_no_19_227,25.529756235919994
wellbore_chev_no_19_228,25.59158535306001
wellbore_chev_no_19_229,26.19001297208999
wellbore_chev_no_19_230,22.83269426216994
wellbore_chev_no_19_231,29.67927864489001
wellbore_chev_no_19_232,25.718635192430007
wellbore_chev_no_19_233,24.64032741183999
wellbore_chev_no_19_234,25.329413500690006
wellbore_chev_no_19_235,25.168459819219994
wellbore_chev_no_19_236,25.79778061852
wellbore_chev_no_19_237,24.279524941090003
wellbore_chev_no_19_238,24.400460292399988
wellbore_chev_no_19_239,26.432682789069954
wellbore_chev_no_19_240,27.84710206070999
wellbore_chev_no_19_241,22.513183500839958
wellbore_chev_no_19_242,23.544030252759967
wellbore_chev_no_19_243,22.194181522029943
wellbore_chev_no_19_244,21.43588973790995
wellbore_chev_no_19_245,24.40493541902999
wellbore_chev_no_19_246,30.14363223228001
wellbore_chev_no_19_247,39.07903406598989
wellbore_chev_no_19_248,28.20732018870998
wellbore_chev_no_19_249,26.31577794165999
wellbore_chev_no_19_250,26.129872890759994
wellbore_chev_no_19_251,26.415812701889955
wellbore_chev_no_19_252,26.415812701889955
wellbore_chev_no_19_253,21.611970733579952
wellbore_chev_no_19_254,22.447538202919944
wellbore_chev_no_19_255,26.963749112919963
wellbore_chev_no_19_256,26.897622193279982
wellbore_chev_no_19_257,26.299523165669896
wellbore_chev_no_19_258,20.77895550077995
wellbore_chev_no_19_259,22.246004858329943
wellbore_chev_no_19_260,26.88729768257998
wellbore_chev_no_19_261,21.444959200489954
wellbore_chev_no_19_262,26.130547488449903
wellbore_chev_no_19_263,21.64428485317995
wellbore_chev_no_19_264,22.929530713569942
wellbore_chev_no_19_265,26.88729768257998
wellbore_chev_no_19_266,21.15977507755995
wellbore_chev_no_19_267,22.36323775869994
wellbore_chev_no_19_268,27.037578188359923
wellbore_chev_no_19_269,59.39494027426003
wellbore_chev_no_19_270,57.17576827633996
wellbore_chev_no_19_271,57.16553975589999
wellbore_chev_no_19_272,58.832542198380025
wellbore_chev_no_19_273,59.08759814616002
wellbore_chev_no_19_274,59.44383302666005
wellbore_chev_no_19_275,57.32291059612002
wellbore_chev_no_19_276,61.7906384382201
wellbore_chev_no_19_277,61.5838330487001
wellbore_chev_no_19_278,58.88175810402003
wellbore_chev_no_19_279,57.03064654266001
wellbore_chev_no_19_280,59.30720166720004
wellbore_chev_no_19_281,61.34695389262007
wellbore_chev_no_19_282,61.67127514000009
wellbore_chev_no_19_283,59.38494099606005
wellbore_chev_no_19_284,57.93303107104003
wellbore_chev_no_19_285,59.29485465858006
wellbore_chev_no_19_286,59.074958039600055
wellbore_chev_no_19_287,58.972235497220026
wellbore_chev_no_19_288,59.454477983220066
wellbore_chev_no_19_289,59.085602102200035
wellbore_chev_no_19_290,61.685675171120096
wellbore_chev_no_19_291,59.456983699360066
wellbore_chev_no_19_292,59.09961600956005
wellbore_chev_no_19_293,59.62885282326008
wellbore_chev_no_19_294,61.753835943240105
wellbore_chev_no_19_295,61.619491994680104
wellbore_chev_no_19_296,61.86782934182012
wellbore_chev_no_19_297,59.205033759020054
wellbore_chev_no_19_298,59.558540347100084
wellbore_chev_no_19_299,61.644621666680095
wellbore_chev_no_19_300,59.48262417868008
wellbore_chev_no_19_301,59.24917811860005
wellbore_chev_no_19_302,59.76786936436009
wellbore_chev_no_19_303,61.85563345580011
wellbore_chev_no_19_304,61.764795098900095
wellbore_chev_no_19_305,62.01594230662012
wellbore_chev_no_19_306,52.58638392214009
wellbore_chev_no_19_307,40.25235993457996
wellbore_chev_no_19_308,42.75977762478003
wellbore_chev_no_19_309,59.281555493500065
wellbore_chev_no_19_310,59.30319553538004
wellbore_chev_no_19_311,61.567991943580104
wellbore_chev_no_19_312,43.357265101639975
wellbore_chev_no_19_313,36.584967188039954
wellbore_chev_no_19_314,41.20100083292002
wellbore_chev_no_19_315,49.564726036899955
wellbore_chev_no_19_316,55.46435901545999
wellbore_chev_no_19_317,55.70645487000003
wellbore_chev_no_19_318,38.869357318260036
wellbore_chev_no_19_319,47.83228522254
wellbore_chev_no_19_320,48.240607493560006
wellbore_chev_no_19_321,43.956350429400004
wellbore_chev_no_19_322,38.62131626965998
wellbore_chev_no_19_323,48.25201135384
wellbore_chev_no_19_324,57.4982091701398
wellbore_chev_no_19_325,58.01513310466004
wellbore_chev_no_19_326,58.58262180690004
wellbore_chev_no_19_327,47.711050452820054
wellbore_chev_no_19_328,57.19527884417982
wellbore_chev_no_19_329,57.652053040260014
wellbore_chev_no_19_330,57.56921429486003
wellbore_chev_no_19_331,55.13243425481994
wellbore_chev_no_19_332,51.75521576228
wellbore_chev_no_19_333,41.410044542000044
wellbore_chev_no_19_334,40.80385080466004
wellbore_chev_no_19_335,50.90904953976002
wellbore_chev_no_19_336,41.195746923460014
wellbore_chev_no_19_337,50.20949212058003
wellbore_chev_no_19_338,58.33027900744004
wellbore_chev_no_19_339,57.899340245740056
wellbore_chev_no_19_340,57.34080195424002
wellbore_chev_no_19_341,48.37515616153997
wellbore_chev_no_19_342,41.955014469520044
wellbore_chev_no_19_343,57.717896385640046
wellbore_chev_no_19_344,57.783976578880036
wellbore_chev_no_19_345,55.62837341169993
wellbore_chev_no_19_346,50.40444920036003
wellbore_chev_no_19_347,57.92257726146005
wellbore_chev_no_19_348,58.00035119938005
wellbore_chev_no_19_349,58.268753256640046
wellbore_chev_no_19_350,57.707459841299965
wellbore_chev_no_19_351,57.218038305879894
wellbore_chev_no_19_352,57.91794300718005
wellbore_chev_no_19_353,56.13092409204004
wellbore_chev_no_19_354,53.35864059782002
wellbore_chev_no_19_355,57.06497203959987
wellbore_chev_no_19_356,55.095968291560034
wellbore_chev_no_19_357,42.49404110760003
wellbore_chev_no_19_358,48.20191797892
wellbore_chev_no_19_359,41.82146598950003
wellbore_chev_no_19_360,48.81033372845995
wellbore_chev_no_19_361,42.87381694850003
wellbore_chev_no_19_362,48.79272071039996
wellbore_chev_no_19_363,55.93023713313996
wellbore_chev_no_19_364,57.81265578187995
wellbore_chev_no_19_365,50.36169604912006
wellbore_chev_no_19_366,42.67091644670005
wellbore_chev_no_19_367,51.32920096545997
wellbore_chev_no_19_368,51.415361343039955
wellbore_chev_no_19_369,51.88245758238
wellbore_chev_no_19_370,40.03001999109998
wellbore_chev_no_19_371,41.31928791352005
wellbore_chev_no_19_372,42.54700627528004
wellbore_chev_no_19_373,41.92466956072002
wellbore_chev_no_19_374,39.8651362643
wellbore_chev_no_19_375,49.88591888723999
wellbore_chev_no_19_376,50.128823164179984
wellbore_chev_no_19_377,43.91313959338009
wellbore_chev_no_19_378,49.94063313975998
wellbore_chev_no_19_379,47.70047534284
wellbore_chev_no_19_380,51.53769255441995
wellbore_chev_no_19_381,42.581089311420044
wellbore_chev_no_19_382,42.59738218836004
wellbore_chev_no_19_383,41.85999431284
wellbore_chev_no_19_384,38.66485257722001
wellbore_chev_no_19_385,42.97607549714003
wellbore_chev_no_19_386,49.68762199327995
wellbore_chev_no_19_387,41.42808419250004
wellbore_chev_no_19_388,80.80159300663996
wellbore_chev_no_19_389,79.92733658948002
wellbore_chev_no_19_390,81.19382339438008
wellbore_chev_no_19_391,84.7107074412001
wellbore_chev_no_19_392,96.3989017352597
wellbore_chev_no_19_393,145.50251949299988
wellbore_chev_no_19_394,144.71714000419996
wellbore_chev_no_19_395,132.4953930627407
wellbore_chev_no_19_396,189.86271263883899
wellbore_chev_no_19_397,182.35573193421905
wellbore_chev_no_19_398,237.51607326099955
wellbore_chev_no_19_399,247.61162448899972
wellbore_chev_no_19_400,213.3167009484997
wellbore_chev_no_19_401,213.3167009484997
wellbore_chev_no_19_402,210.55558467983963
wellbore_chev_no_19_403,225.1835170553997
wellbore_chev_no_19_404,210.66567798809967
wellbore_chev_no_19_405,210.66567798809967
wellbore_chev_no_19_406,210.99035922669967
wellbore_chev_no_19_407,210.99035922669967
wellbore_chev_no_19_408,244.85089605839988
wellbore_chev_no_19_409,210.99035922669967
wellbore_chev_no_19_410,210.99035922669967
wellbore_chev_no_19_411,210.99035922669967
wellbore_chev_no_19_412,211.21292728629956
wellbore_chev_no_19_413,211.21292728629956
wellbore_chev_no_19_414,211.2730808150996
wellbore_chev_no_19_415,211.2730808150996
wellbore_chev_no_19_416,211.2388152234996
wellbore_chev_no_19_417,211.13701764669963
wellbore_chev_no_19_418,212.50713377809964
wellbore_chev_no_19_419,215.33954720809967
wellbore_chev_no_19_420,215.87300341889963
wellbore_chev_no_19_421,216.00226086269961
wellbore_chev_no_19_422,216.07625674649967
wellbore_chev_no_19_423,216.02599172569964
wellbore_chev_no_19_424,216.0379705122997
wellbore_chev_no_19_425,216.07295146109965
wellbore_chev_no_19_426,249.64025108459958
wellbore_chev_no_19_427,215.8637243190996
wellbore_chev_no_19_428,215.15337679949957
wellbore_chev_no_19_429,214.68220270509946
wellbore_chev_no_19_430,214.61639608923943
wellbore_chev_no_19_431,215.19685236449942
wellbore_chev_no_19_432,215.30623756649945
wellbore_chev_no_19_433,214.71303234109945
wellbore_chev_no_19_434,214.32664721409938
wellbore_chev_no_19_435,214.7536242482994
wellbore_chev_no_19_436,215.00342933849942
wellbore_chev_no_19_437,215.17159957589948
wellbore_chev_no_19_438,215.3430572878995
wellbore_chev_no_19_439,214.88108873409956
wellbore_chev_no_19_440,215.0436954676996
wellbore_chev_no_19_441,215.06233372109958
wellbore_chev_no_19_442,215.20278444329955
wellbore_chev_no_19_443,214.13924795929955
wellbore_chev_no_19_444,213.42419091483958
wellbore_chev_no_19_445,214.94886580070005
wellbore_chev_no_19_446,214.88506102109997
wellbore_chev_no_19_447,215.33613931050002
wellbore_chev_no_19_448,215.42873887163995
wellbore_chev_no_19_449,215.88602704969992
wellbore_chev_no_19_450,215.84331033029991
wellbore_chev_no_19_451,215.84812178589996
wellbore_chev_no_19_452,215.62572948369996
wellbore_chev_no_19_453,215.48736774129998
wellbore_chev_no_19_454,215.48736774129998
wellbore_chev_no_19_455,215.44709736949997
wellbore_chev_no_19_456,215.47824870849996
wellbore_chev_no_19_457,215.28518310449994
wellbore_chev_no_19_458,215.3644803412999
wellbore_chev_no_19_459,215.18670665389993
wellbore_chev_no_19_460,215.2085710572999
wellbore_chev_no_19_461,215.1610978398999
wellbore_chev_no_19_462,215.18020294809986
wellbore_chev_no_19_463,215.23454592869984
wellbore_chev_no_19_464,215.20813020109978
wellbore_chev_no_19_465,215.13586476149982
wellbore_chev_no_19_466,215.39050011387982
wellbore_chev_no_19_467,215.20329384269985
wellbore_chev_no_19_468,215.20329384269985
wellbore_chev_no_19_469,215.20329384269985
wellbore_chev_no_19_470,214.7685192958398
wellbore_chev_no_19_471,215.20673023729984
wellbore_chev_no_19_472,215.30998669149986
wellbore_chev_no_19_473,215.3433766450998
wellbore_chev_no_19_474,215.38325092309984
wellbore_chev_no_19_475,215.09057021989992
wellbore_chev_no_19_476,214.7159625357
wellbore_chev_no_19_477,214.67084893669997
wellbore_chev_no_19_478,214.5944791377
wellbore_chev_no_19_479,239.82004603890016
wellbore_chev_no_19_480,214.47719097449996
wellbore_chev_no_19_481,214.40964797749993
wellbore_chev_no_19_482,214.76009387249997
wellbore_chev_no_19_483,214.20451075410017
wellbore_chev_no_19_484,211.86439527470012
wellbore_chev_no_19_485,211.66826067570005
wellbore_chev_no_19_486,211.26569296270006
wellbore_chev_no_19_487,208.25266749710002
wellbore_chev_no_19_488,207.15517403168002
wellbore_chev_no_19_489,206.9074853553001
wellbore_chev_no_19_490,207.63008627510004
wellbore_chev_no_19_491,207.78041733850003
wellbore_chev_no_19_492,207.76385335330002
wellbore_chev_no_19_493,205.89606741169996
wellbore_chev_no_19_494,206.0250868096999
wellbore_chev_no_19_495,204.35923427729983
wellbore_chev_no_19_496,203.2547449974998
wellbore_chev_no_19_497,232.1696279928196
wellbore_chev_no_19_498,201.64110054389968
wellbore_chev_no_19_499,202.6559670630998
wellbore_chev_no_19_500,203.17720693609976
wellbore_chev_no_19_501,202.67174094909979
wellbore_chev_no_19_502,229.13420220780014
wellbore_chev_no_19_503,232.08213734360027
wellbore_chev_no_19_504,202.53306279089983
wellbore_chev_no_19_505,202.1909792312999
wellbore_chev_no_19_506,201.37104109907992
wellbore_chev_no_19_507,201.30090766809985
wellbore_chev_no_19_508,201.33134057329983
wellbore_chev_no_19_509,201.20876628349984
wellbore_chev_no_19_510,201.34388382889986
wellbore_chev_no_19_511,201.9227987836999
wellbore_chev_no_19_512,202.20524758669993
wellbore_chev_no_19_513,202.14210209489988
wellbore_chev_no_19_514,202.07200831669988
wellbore_chev_no_19_515,201.76798811247986
wellbore_chev_no_19_516,222.09949730895974
wellbore_chev_no_19_517,201.81553332909988
wellbore_chev_no_19_518,201.8605395979
wellbore_chev_no_19_519,201.40865736663991
wellbore_chev_no_19_520,201.3991787076399
wellbore_chev_no_19_521,201.5249320092399
wellbore_chev_no_19_522,201.83454318729994
wellbore_chev_no_19_523,201.92338806067988
wellbore_chev_no_19_524,201.23600193389993
wellbore_chev_no_19_525,201.24536640709994
wellbore_chev_no_19_526,201.43186772929997
wellbore_chev_no_19_527,201.44204001170004
wellbore_chev_no_19_528,200.88158516707986
wellbore_chev_no_19_529,200.83068729427987
wellbore_chev_no_19_530,200.90937933149988
wellbore_chev_no_19_531,200.8258550688998
wellbore_chev_no_19_532,200.57706807849974
wellbore_chev_no_19_533,199.37006300607962
wellbore_chev_no_19_534,199.5737060692995
wellbore_chev_no_19_535,200.1843243462995
wellbore_chev_no_19_536,199.17212376769945
wellbore_chev_no_19_537,196.43270208509944
wellbore_chev_no_19_538,195.45941478649925
wellbore_chev_no_19_539,195.23444983829924
wellbore_chev_no_19_540,195.14677539869925
wellbore_chev_no_19_541,195.4681366454992
wellbore_chev_no_19_542,196.21909650949922
wellbore_chev_no_19_543,196.9310966188791
wellbore_chev_no_19_544,196.11993345009913
wellbore_chev_no_19_545,196.01444500789904
wellbore_chev_no_19_546,221.5332798359984
wellbore_chev_no_19_547,221.85184071539854
wellbore_chev_no_19_548,217.0095697678786
wellbore_chev_no_19_549,191.7303813254993
wellbore_chev_no_19_550,217.39892907799907
wellbore_chev_no_19_551,213.96135962659966
wellbore_chev_no_19_552,187.0138350340998
wellbore_chev_no_19_553,187.06260419749978
wellbore_chev_no_19_554,186.77159640609983
wellbore_chev_no_19_555,212.34141046199974
wellbore_chev_no_19_556,184.69149130983976
wellbore_chev_no_19_557,184.65752499389978
wellbore_chev_no_19_558,183.8321853120998
wellbore_chev_no_19_559,183.07610599027979
wellbore_chev_no_19_560,183.2361398402998
wellbore_chev_no_19_561,182.8259615444998
wellbore_chev_no_19_562,183.1424816236998
wellbore_chev_no_19_563,182.4101857908997
wellbore_chev_no_19_564,208.3078266451997
wellbore_chev_no_19_565,194.29678333619978
wellbore_chev_no_19_566,182.92584275683978
wellbore_chev_no_19_567,184.67526510709985
wellbore_chev_no_19_568,209.95439951079985
wellbore_chev_no_19_569,208.10285091559948
wellbore_chev_no_19_570,183.48111979387957
wellbore_chev_no_19_571,184.70007520027977
wellbore_chev_no_19_572,203.46567122849976
wellbore_chev_no_19_573,208.24941842619967
wellbore_chev_no_19_574,207.69146846819953
wellbore_chev_no_19_575,207.96401618679963
wellbore_chev_no_19_576,182.8447976938796
wellbore_chev_no_19_577,209.98708485159995
wellbore_chev_no_19_578,210.52214311559985
wellbore_chev_no_19_579,228.13382960520087
wellbore_chev_no_19_580,227.85210713360044
wellbore_chev_no_19_581,227.39723469280054
wellbore_chev_no_19_582,207.20317553279955
wellbore_chev_no_19_583,207.07653807339952
wellbore_chev_no_19_584,207.1174166799995
wellbore_chev_no_19_585,207.02684358159954
wellbore_chev_no_19_586,206.83296605979947
wellbore_chev_no_19_587,217.41218809560024
wellbore_chev_no_19_588,227.5399210682006
wellbore_chev_no_19_589,227.95290736140055
wellbore_chev_no_19_590,226.81585395760027
wellbore_chev_no_19_591,224.88040619819924
wellbore_chev_no_19_592,227.45223318100003
wellbore_chev_no_19_593,227.75995657459976
wellbore_chev_no_19_594,227.5712823855997
wellbore_chev_no_19_595,224.10719233919863
wellbore_chev_no_19_596,226.91246409439935
wellbore_chev_no_19_597,227.31142073139924
wellbore_chev_no_19_598,220.07518945869936
wellbore_chev_no_19_599,225.95752633919943
wellbore_chev_no_19_600,210.68207031759974
wellbore_chev_no_19_601,227.34122768259942
wellbore_chev_no_19_602,227.08065927819933
wellbore_chev_no_19_603,227.5237354441993
wellbore_chev_no_19_604,218.29570127919942
wellbore_chev_no_19_605,225.60210970079905
wellbore_chev_no_19_606,226.5586487389592
wellbore_chev_no_19_607,219.71363934909928
wellbore_chev_no_19_608,225.85171023999914
wellbore_chev_no_19_609,225.61075388099917
wellbore_chev_no_19_610,227.21582340639935
wellbore_chev_no_19_611,227.79974599839915
wellbore_chev_no_19_612,217.57620700493933
wellbore_chev_no_19_613,224.33421543499847
wellbore_chev_no_19_614,224.0789973951989
wellbore_chev_no_19_615,224.8068442303993
wellbore_chev_no_19_616,221.51644109159972
wellbore_chev_no_19_617,217.24654335559998
wellbore_chev_no_19_618,218.54106306219975
wellbore_chev_no_19_619,221.9817082977995
wellbore_chev_no_19_620,221.85461926339966
wellbore_chev_no_19_621,222.30081408679968
wellbore_chev_no_19_622,219.74019265939984
wellbore_chev_no_19_623,223.30426105559988
wellbore_chev_no_19_624,221.00802270580022
wellbore_chev_no_19_625,224.40886808839997
wellbore_chev_no_19_626,219.4532722130003
wellbore_chev_no_19_627,209.7159415495998
wellbore_chev_no_19_628,210.76513644159988
wellbore_chev_no_19_629,222.99888602939976
wellbore_chev_no_19_630,221.49301744200028
wellbore_chev_no_19_631,203.9153080801997
wellbore_chev_no_19_632,211.0345238579997
wellbore_chev_no_19_633,210.36928522299974
wellbore_chev_no_19_634,210.29612101979978
wellbore_chev_no_19_635,209.2580243515998
wellbore_chev_no_19_636,210.59466904259992
wellbore_chev_no_19_637,207.8916990844
wellbore_chev_no_19_638,208.79110107880004
wellbore_chev_no_19_639,205.12135135840018
wellbore_chev_no_19_640,207.43972980920006
wellbore_chev_no_19_641,206.18000804912012
wellbore_chev_no_19_642,206.31277537212011
wellbore_chev_no_19_643,198.4209644231401
wellbore_chev_no_19_644,77.44613194502001
wellbore_chev_no_19_645,68.99198392875996
wellbore_chev_no_19_646,62.93404003304
wellbore_chev_no_19_647,67.55883318574007
wellbore_chev_no_19_648,67.61829743408012
wellbore_chev_no_19_649,63.84192188602001
wellbore_chev_no_19_650,62.1841644667802
wellbore_chev_no_19_651,61.18432345253988
wellbore_chev_no_19_652,60.06566758527998
wellbore_chev_no_19_653,66.37122862778003
wellbore_chev_no_19_654,49.647091757179936
wellbore_chev_no_19_655,49.21317582556001
wellbore_chev_no_19_656,50.777907091719975
wellbore_chev_no_19_657,63.51901375034008
wellbore_chev_no_19_658,50.60802104819999
wellbore_chev_no_19_659,50.72577879226994
wellbore_chev_no_19_660,60.62243660151996
wellbore_chev_no_19_661,49.619606368499866
wellbore_chev_no_19_662,50.05909271915988
wellbore_chev_no_19_663,50.66232987163983
wellbore_chev_no_19_664,46.580350138779885
wellbore_chev_no_19_665,49.26070705845986
wellbore_chev_no_19_666,51.42259403345987
wellbore_chev_no_19_667,51.37534682907991
wellbore_chev_no_19_668,51.98745817275993
wellbore_chev_no_19_669,52.54627033473995
wellbore_chev_no_19_670,53.25100277178994
wellbore_chev_no_19_671,52.62632017840991
wellbore_chev_no_19_672,53.436038938649894
wellbore_chev_no_19_673,55.52429854887993
wellbore_chev_no_19_674,58.45717103471992
wellbore_chev_no_19_675,56.62272108169987
wellbore_chev_no_19_676,53.344735705139925
wellbore_chev_no_19_677,55.66003399227985
wellbore_chev_no_19_678,50.33609793835981
wellbore_chev_no_19_679,72.27435751880004
wellbore_chev_no_19_680,70.91499451056006
wellbore_chev_no_19_681,71.9706800893601
wellbore_chev_no_19_682,63.46649591657999
wellbore_chev_no_19_683,78.96586183421991
wellbore_chev_no_19_684,80.04447433811987
wellbore_chev_no_19_685,82.0370756735598
wellbore_chev_no_19_686,76.99549260888001
wellbore_chev_no_19_687,62.478060451939946
wellbore_chev_no_19_688,70.32216086107991
wellbore_chev_no_19_689,75.91743667793993
wellbore_chev_no_19_690,87.27577094383972
wellbore_chev_no_19_691,75.90315332397982
wellbore_chev_no_19_692,97.81972133378004
wellbore_chev_no_19_693,95.4598268683001
wellbore_chev_no_19_694,95.87557291812007
wellbore_chev_no_19_695,72.20282579357986
wellbore_chev_no_19_696,76.17909999325997
wellbore_chev_no_19_697,90.87203997971969
wellbore_chev_no_19_698,96.83176341135992
wellbore_chev_no_19_699,77.28754394424
wellbore_chev_no_19_700,65.89069230191991
wellbore_chev_no_19_701,69.38080492601992
wellbore_chev_no_19_702,75.64599351279998
wellbore_chev_no_19_703,76.83427795181987
wellbore_chev_no_19_704,65.08152173994
wellbore_chev_no_19_705,68.54859782327996
wellbore_chev_no_19_706,68.55288664177996
wellbore_chev_no_19_707,89.92087119217965
wellbore_chev_no_19_708,93.6742267809397
wellbore_chev_no_19_709,74.83961463791996
wellbore_chev_no_19_710,82.34370502597973
wellbore_chev_no_19_711,82.07800100603974
wellbore_chev_no_19_712,93.43675704149992
wellbore_chev_no_19_713,91.22568344188014
wellbore_chev_no_19_714,91.77101957305985
wellbore_chev_no_19_715,96.24222070321984
wellbore_chev_no_19_716,97.80740032634023
wellbore_chev_no_19_717,103.83398240652014
wellbore_chev_no_19_718,98.46206482825983
wellbore_chev_no_19_719,89.55037141407992
wellbore_chev_no_19_720,108.1999883008801
wellbore_chev_no_19_721,107.81734013594009
wellbore_chev_no_19_722,113.7258213835398
wellbore_chev_no_19_723,109.85562978862002
wellbore_chev_no_19_724,109.80565022577993
wellbore_chev_no_19_725,113.79890062515993
wellbore_chev_no_19_726,95.62594665701985
wellbore_chev_no_19_727,89.76860385197975
wellbore_chev_no_19_728,75.26661099859994
wellbore_chev_no_19_729,71.09297940236004
wellbore_chev_no_19_730,54.39834683162801
wellbore_chev_no_19_731,51.8884863843801
wellbore_chev_no_19_732,54.51003413821989
wellbore_chev_no_19_733,56.04609520502197
wellbore_chev_no_19_734,81.59159879759987
wellbore_chev_no_19_735,67.35358780903995
wellbore_chev_no_19_736,65.74156988262
wellbore_chev_no_19_737,84.09320118973987
wellbore_chev_no_19_738,84.56648019915987
wellbore_chev_no_19_739,88.86455791552
wellbore_chev_no_19_740,67.18739843714003
wellbore_chev_no_19_741,82.84492581989993
wellbore_chev_no_19_742,85.44649524967996
wellbore_chev_no_19_743,87.00956937268002
wellbore_chev_no_19_744,90.57790655334003
wellbore_chev_no_19_745,84.46503751383993
wellbore_chev_no_19_746,81.67766878113989
wellbore_chev_no_19_747,88.15978027907987
wellbore_chev_no_19_748,88.57888735528002
wellbore_chev_no_19_749,64.83436184472009
wellbore_chev_no_19_750,57.57160102232007
wellbore_chev_no_19_751,64.43908408262006
wellbore_chev_no_19_752,65.95803533194008
wellbore_chev_no_19_753,65.08617801726002
wellbore_chev_no_19_754,89.99349932589998
wellbore_chev_no_19_755,86.48883168008
wellbore_chev_no_19_756,90.7101578920399
wellbore_chev_no_19_757,94.54502187691989
wellbore_chev_no_19_758,88.51395032154
wellbore_chev_no_19_759,88.28007335827995
wellbore_chev_no_19_760,91.26370012595996
wellbore_chev_no_19_761,91.11595493778005
wellbore_chev_no_19_762,86.37933216961987
wellbore_chev_no_19_763,84.42421584735983
wellbore_chev_no_19_764,85.43338316259982
wellbore_chev_no_19_765,86.48732938673983
wellbore_chev_no_19_766,87.51054637983981
wellbore_chev_no_19_767,52.325501154342
wellbore_chev_no_19_768,72.7522920697399
wellbore_chev_no_19_769,84.00218847279977
wellbore_chev_no_19_770,81.72713541611972
wellbore_chev_no_19_771,70.30843931093987
wellbore_chev_no_19_772,80.55427318791968
wellbore_chev_no_19_773,84.22590372631973
wellbore_chev_no_19_774,50.60522382344208
wellbore_chev_no_19_775,53.66966050629996
wellbore_chev_no_19_776,51.76639623609998
wellbore_chev_no_19_777,59.55789977548002
wellbore_chev_no_19_778,65.1234090744799
wellbore_chev_no_19_779,63.9780391084999
wellbore_chev_no_19_780,52.61597567734602
wellbore_chev_no_19_781,58.114012072059914
wellbore_chev_no_19_782,74.05576689497974
wellbore_chev_no_19_783,72.36478023453994
wellbore_chev_no_19_784,68.90242435337979
wellbore_chev_no_19_785,57.98169512388
wellbore_chev_no_19_786,50.61611706460807
wellbore_chev_no_19_787,68.61839393897984
wellbore_chev_no_19_788,69.99345860113992
wellbore_chev_no_19_789,67.22496978257989
wellbore_chev_no_19_790,63.08660765741989
wellbore_chev_no_19_791,56.191854965719855
wellbore_chev_no_19_792,79.71089304789992
wellbore_chev_no_19_793,65.45904614139992
wellbore_chev_no_19_794,67.89041018698005
wellbore_chev_no_19_795,67.40907709346
wellbore_chev_no_19_796,69.90586288244002
wellbore_chev_no_19_797,56.10729643371995
wellbore_chev_no_19_798,66.70446019748
wellbore_chev_no_19_799,75.91370356669998
wellbore_chev_no_19_800,84.1270046489398
wellbore_chev_no_19_801,83.97850546963988
wellbore_chev_no_19_802,56.17162932294006
wellbore_chev_no_19_803,61.769803194539946
wellbore_chev_no_19_804,58.23008095334
wellbore_chev_no_19_805,53.002340865504074
wellbore_chev_no_19_806,52.82972588270211
wellbore_chev_no_19_807,56.042927382340004
wellbore_chev_no_19_808,55.45576062294002
wellbore_chev_no_19_809,55.012049952479956
wellbore_chev_no_19_810,60.68037475263993
wellbore_chev_no_19_811,57.57774342562005
wellbore_chev_no_19_812,72.09155157063991
wellbore_chev_no_19_813,72.28981109533994
wellbore_chev_no_19_814,59.95222552309992
wellbore_chev_no_19_815,56.12785801216007
wellbore_chev_no_19_816,60.83297514316019
wellbore_chev_no_19_817,60.59153981426021
wellbore_chev_no_7_277,33.73006251817992
wellbore_chev_no_7_278,24.476501958149925
wellbore_chev_no_7_279,28.555417804079934
wellbore_chev_no_7_280,43.64369369820003
wellbore_chev_no_7_281,24.09381435742992
wellbore_chev_no_7_282,29.562919250239965
wellbore_chev_no_7_283,46.248355545550005
wellbore_chev_no_7_284,44.67386199434008
wellbore_chev_no_7_285,52.58046183018021
wellbore_chev_no_7_286,50.646542741739964
wellbore_chev_no_7_287,54.744081012780086
wellbore_chev_no_7_288,51.85528498282003
wellbore_chev_no_7_289,52.122864272240015
wellbore_chev_no_7_290,51.51916751187993
wellbore_chev_no_7_291,50.90511725985992
wellbore_chev_no_7_292,51.189490527439986
wellbore_chev_no_7_293,49.66770303727996
wellbore_chev_no_7_294,51.53052420229994
wellbore_chev_no_7_295,52.383923610080096
wellbore_chev_no_7_296,53.19753035866018
wellbore_chev_no_7_297,55.55565330284019
wellbore_chev_no_7_298,55.63693470212017
wellbore_chev_no_7_299,55.06402414616015
wellbore_chev_no_7_300,40.926042874580034
wellbore_chev_no_7_301,41.90711037558005
wellbore_chev_no_7_302,41.717423428120036
wellbore_chev_no_7_303,41.04386086665996
wellbore_chev_no_7_304,41.85804489592003
wellbore_chev_no_7_305,46.55920581286005
wellbore_chev_no_7_306,48.059910443050015
wellbore_chev_no_7_307,51.97043114226012
wellbore_chev_no_7_308,40.59603169352001
wellbore_chev_no_7_309,46.74008640186001
wellbore_chev_no_7_310,38.055783489159985
wellbore_chev_no_7_311,38.97377379426001
wellbore_chev_no_7_312,38.19993743441997
wellbore_chev_no_7_313,50.951065212760106
wellbore_chev_no_7_314,39.72795917351997
wellbore_chev_no_7_315,41.255887949180035
wellbore_chev_no_7_316,41.94305341328004
wellbore_chev_no_7_317,41.38896798906002
wellbore_chev_no_7_318,42.02721815946001
wellbore_chev_no_7_319,42.12869229964002
wellbore_chev_no_7_320,42.571984612400016
wellbore_chev_no_7_321,42.770774615240036
wellbore_chev_no_7_322,36.977031356539925
wellbore_chev_no_7_323,38.56230663816
wellbore_chev_no_7_324,38.28773400169995
wellbore_chev_no_7_325,42.432005024819986
wellbore_chev_no_7_326,39.848776072140026
wellbore_chev_no_7_327,39.13804072182
wellbore_chev_no_7_328,41.71836176500006
wellbore_chev_no_7_329,41.674875155239974
wellbore_chev_no_7_330,51.823600517780115
wellbore_chev_no_7_331,41.29716379618003
wellbore_chev_no_7_332,41.27268856482003
wellbore_chev_no_7_333,41.29878569444003
wellbore_chev_no_7_334,52.188696908880154
wellbore_chev_no_7_335,41.734461538340035
wellbore_chev_no_7_336,42.76792084894004
wellbore_chev_no_7_337,42.749600719320036
wellbore_chev_no_7_338,43.19886084768003
wellbore_chev_no_7_339,50.42825766986009
wellbore_chev_no_7_340,42.152711899699995
wellbore_chev_no_7_341,43.12015797271997
wellbore_chev_no_7_342,38.457779467799966
wellbore_chev_no_7_343,42.53140272355999
wellbore_chev_no_7_344,42.292415837280046
wellbore_chev_no_7_345,52.48091567142019
wellbore_chev_no_7_346,56.410814104000025
wellbore_chev_no_7_347,53.163600617820116
wellbore_chev_no_7_348,46.453986933820126
wellbore_chev_no_7_349,52.20895731546017
wellbore_chev_no_7_350,51.793158057460126
wellbore_chev_no_7_354,24.318519859739958
wellbore_chev_no_7_355,31.238564782439905
wellbore_chev_no_7_356,24.996253343339976
wellbore_chev_no_7_357,38.989355078679914
wellbore_chev_no_7_358,38.24789757165997
wellbore_chev_no_7_359,47.123259364280045
wellbore_chev_no_7_360,42.20381493048008
wellbore_chev_no_7_361,51.282652310139994
wellbore_chev_no_7_362,49.71721684076002
wellbore_chev_no_7_363,50.798560893099996
wellbore_chev_no_7_364,56.42298932683986
wellbore_chev_no_7_365,48.61754914908001
wellbore_chev_no_7_366,53.96475484459997
wellbore_chev_no_7_367,53.76328053191995
wellbore_chev_no_7_368,53.984297201719976
wellbore_chev_no_7_369,54.96705464879997
wellbore_chev_no_7_370,53.101776830060025
wellbore_chev_no_7_371,53.759215601860014
wellbore_chev_no_7_372,53.62846348864002
wellbore_chev_no_7_373,53.53177997182002
wellbore_chev_no_7_374,59.493502402840065
wellbore_chev_no_7_375,57.36466631838002
wellbore_chev_no_7_376,55.43728893793997
wellbore_chev_no_7_377,55.39892507747997
wellbore_chev_no_7_378,57.27299353916005
wellbore_chev_no_7_379,58.90488684112005
wellbore_chev_no_7_380,58.79414362490005
wellbore_chev_no_7_381,57.04278695738
wellbore_chev_no_7_382,56.66090060322001
wellbore_chev_no_7_383,56.64447370876
wellbore_chev_no_7_390,65.90482485014
wellbore_chev_no_7_391,66.39179262866008
wellbore_chev_no_7_392,62.11388147050007
wellbore_chev_no_7_393,66.34500086602007
wellbore_chev_no_7_394,65.11378267216008
wellbore_chev_no_7_395,61.88027567204006
wellbore_chev_no_7_396,54.305383413219964
wellbore_chev_no_7_397,58.46085427731994
wellbore_chev_no_7_398,55.63677875149995
wellbore_chev_no_7_399,56.79246511671996
wellbore_chev_no_7_400,57.19740852077997
wellbore_chev_no_7_401,57.12157211395991
wellbore_chev_no_7_402,56.53688897548005
wellbore_chev_no_7_403,58.18027471058
wellbore_chev_no_7_404,58.9242947740402
wellbore_chev_no_7_405,58.84928636572008
wellbore_chev_no_7_406,59.69353652265964
wellbore_chev_no_7_407,59.21155335319966
wellbore_chev_no_7_408,60.14368849995966
wellbore_chev_no_7_409,60.24509429871967
wellbore_chev_no_7_410,60.373859963540056
wellbore_chev_no_7_411,61.043600078200036
wellbore_chev_no_7_412,60.92268390552004
wellbore_chev_no_7_413,60.78108492474006
wellbore_chev_no_7_414,59.597774876640024
wellbore_chev_no_7_415,59.39464561430005
wellbore_chev_no_7_416,58.48835596808006
wellbore_chev_no_7_417,58.53967281486003
wellbore_chev_no_7_418,58.207799608700014
wellbore_chev_no_7_419,61.35707947144006
wellbore_chev_no_7_420,61.18812238516006
wellbore_chev_no_7_421,60.55702744236005
wellbore_chev_no_7_422,59.364671447220026
wellbore_chev_no_7_423,61.28261448446002
wellbore_chev_no_7_424,105.23545348652002
wellbore_chev_no_7_425,94.98699913589977
wellbore_chev_no_7_426,89.33335382987971
wellbore_chev_no_7_427,93.64809459711984
wellbore_chev_no_7_428,90.41350415673976
wellbore_chev_no_7_429,90.59478125989979
wellbore_chev_no_7_430,91.0798586008198
wellbore_chev_no_7_431,91.55360660203985
wellbore_chev_no_7_432,80.90057278243994
wellbore_chev_no_7_433,87.93739713149974
wellbore_chev_no_7_434,86.65544414999972
wellbore_chev_no_7_435,88.97674186601978
wellbore_chev_no_7_436,74.15263929122018
wellbore_chev_no_7_437,75.7438624568599
wellbore_chev_no_7_438,77.93195080232006
wellbore_chev_no_7_439,78.20068113830013
wellbore_chev_no_7_440,78.53628570634002
wellbore_chev_no_7_441,80.30497404285994
wellbore_chev_no_7_442,84.80814478137991
wellbore_chev_no_7_443,87.24782054813991
wellbore_chev_no_7_444,83.40715046783987
wellbore_chev_no_7_445,79.48611620157995
wellbore_chev_no_7_446,81.03172268275995
wellbore_chev_no_7_447,84.4862991075
wellbore_chev_no_7_448,95.25503200359991
wellbore_chev_no_7_449,96.58910620473989
wellbore_chev_no_7_450,89.56912032952003
wellbore_chev_no_7_451,96.73136332415999
wellbore_chev_no_7_452,98.54174806639999
wellbore_chev_no_7_453,98.34053335227989
wellbore_chev_no_7_454,93.42553347221983
wellbore_chev_no_7_455,97.84287864487982
wellbore_chev_no_7_456,98.19687109329985
wellbore_chev_no_7_457,98.22646587749985
wellbore_chev_no_7_458,98.24232073415983
wellbore_chev_no_7_459,90.26945058791993
wellbore_chev_no_7_460,92.95149163393991
wellbore_chev_no_7_461,95.58356495295983
wellbore_chev_no_7_462,94.30776816291996
wellbore_chev_no_7_463,94.98487777718003
wellbore_chev_no_7_464,90.96586839181985
wellbore_chev_no_7_465,92.17604482628005
wellbore_chev_no_7_466,94.95792380705991
wellbore_chev_no_7_467,94.46333212519987
wellbore_chev_no_7_468,92.55627236375996
wellbore_chev_no_7_469,91.20257141474006
wellbore_chev_no_7_470,91.09620930484009
wellbore_chev_no_7_471,89.2746980011001
wellbore_chev_no_7_472,91.62493686208006
wellbore_chev_no_7_473,91.34851968082006
wellbore_chev_no_7_474,89.26173949774011
wellbore_chev_no_7_475,89.61693508922008
wellbore_chev_no_7_476,90.08208514398004
wellbore_chev_no_7_477,92.63004956778
wellbore_chev_no_7_478,91.05571705830003
wellbore_chev_no_7_479,90.18532757740003
wellbore_chev_no_7_480,90.95867889170005
wellbore_chev_no_7_481,91.12824020832004
wellbore_chev_no_7_483,103.62710890033993
wellbore_chev_no_7_484,100.81651595861995
wellbore_chev_no_7_485,101.50886119891994
wellbore_chev_no_7_486,102.3369506436801
wellbore_chev_no_7_487,100.24235481451996
wellbore_chev_no_7_488,91.43511974012013
wellbore_chev_no_7_489,98.63901264628007
wellbore_chev_no_7_490,94.90765844839983
wellbore_chev_no_7_491,98.74917029761998
wellbore_chev_no_7_492,100.14380539349995
wellbore_chev_no_7_493,99.77261533257999
wellbore_chev_no_7_494,96.64390464235996
wellbore_chev_no_7_495,99.14483884738004
wellbore_chev_no_7_496,99.13889619590012
wellbore_chev_no_7_497,99.88027991878018
wellbore_chev_no_7_498,99.34795163722012
wellbore_chev_no_7_499,97.63635925105996
wellbore_chev_no_7_500,97.64852972591996
wellbore_chev_no_7_501,129.3382031814799
wellbore_chev_no_7_502,121.40902793327997
wellbore_chev_no_7_503,111.72571105657961
wellbore_chev_no_7_504,111.41263472357964
wellbore_chev_no_7_505,111.92258660903958
wellbore_chev_no_7_506,111.9850963940996
wellbore_chev_no_7_507,100.51430199065996
wellbore_chev_no_7_508,98.41021727982009
wellbore_chev_no_7_509,97.08452999542058
wellbore_chev_no_7_510,97.36851770814059
wellbore_chev_no_7_511,102.2081173827
wellbore_chev_no_7_512,96.45515101631983
wellbore_chev_no_7_513,100.40516473918008
wellbore_chev_no_7_514,97.69350221679976
wellbore_chev_no_7_515,97.92846266873967
wellbore_chev_no_7_516,98.45021354523998
wellbore_chev_no_7_517,95.63026786743994
wellbore_chev_no_7_518,92.92068479633978
wellbore_chev_no_7_519,88.82164166659997
wellbore_chev_no_7_520,92.89304381380005
wellbore_chev_no_7_521,88.72187871074003
wellbore_chev_no_7_522,97.74222346976003
wellbore_chev_no_7_523,97.93544461242016
wellbore_chev_no_7_524,98.95978273256021
wellbore_chev_no_7_525,97.48857619225986
wellbore_chev_no_7_526,107.9506903437197
wellbore_chev_no_7_527,121.46861644409988
wellbore_chev_no_7_528,94.40047970088024
wellbore_chev_no_7_529,96.9607277996599
wellbore_chev_no_7_530,90.14921235208024
wellbore_chev_no_7_531,65.72614582859995
wellbore_chev_no_7_532,63.344321224519916
wellbore_chev_no_7_533,65.44736924655993
wellbore_chev_no_7_534,70.71406557421992
wellbore_chev_no_7_535,65.27502795263995
wellbore_chev_no_7_536,65.84112203331989
wellbore_chev_no_7_537,63.083616888259904
wellbore_chev_no_7_538,72.20844383197992
wellbore_chev_no_7_539,69.7655137366399
wellbore_chev_no_7_540,68.74504166709991
wellbore_chev_no_7_541,68.71670611241993
wellbore_chev_no_7_542,65.47411083997997
wellbore_chev_no_7_543,63.309178854599885
wellbore_chev_no_7_544,69.01383057669989
wellbore_chev_no_7_545,72.79495471753992
wellbore_chev_no_7_546,69.50155517096005
wellbore_chev_no_7_547,69.75700851326003
wellbore_chev_no_7_548,69.94509608571994
wellbore_chev_no_7_549,68.36419469153995
wellbore_chev_no_7_550,62.80393112136994
wellbore_chev_no_7_551,69.86027682819989
wellbore_chev_no_7_552,80.3059476643199
wellbore_chev_no_7_553,67.97386898411982
wellbore_chev_no_7_554,69.02239308649993
wellbore_chev_no_7_555,71.12150719187994
wellbore_chev_no_7_556,69.1390431268199
wellbore_chev_no_7_557,68.98795194549983
wellbore_chev_no_7_558,69.17354367369991
wellbore_chev_no_7_559,68.2780844510799
wellbore_chev_no_7_560,70.94829265785995
wellbore_chev_no_7_561,71.47234225505986
wellbore_chev_no_7_562,74.18943824013995
wellbore_chev_no_7_563,74.19001619987998
wellbore_chev_no_7_564,73.48143854985999
wellbore_chev_no_7_565,74.70648767963993
wellbore_chev_no_7_566,76.71068901533995
wellbore_chev_no_7_567,74.49270318589984
wellbore_chev_no_7_568,69.62116546509978
wellbore_chev_no_7_569,69.54432568893978
wellbore_chev_no_7_570,76.40456209309995
wellbore_chev_no_7_571,76.60238693341987
wellbore_chev_no_7_572,76.33678954773998
wellbore_chev_no_7_573,76.80978320743999
wellbore_chev_no_7_574,76.3682389929601
wellbore_chev_no_7_575,93.21587863420001
wellbore_chev_no_7_576,93.45864563082009
wellbore_chev_no_7_577,92.70770914644014
wellbore_chev_no_7_578,93.74411433034018
wellbore_chev_no_7_579,94.09302501014001
wellbore_chev_no_7_580,93.4366829634201
wellbore_chev_no_7_581,94.06643822261982
wellbore_chev_no_7_582,93.27616970437988
wellbore_chev_no_7_583,90.21879354293984
wellbore_chev_no_7_584,95.10671659793975
wellbore_chev_no_7_585,95.67180707102001
wellbore_chev_no_7_586,97.29704327268004
wellbore_chev_no_7_587,95.50557614043998
wellbore_chev_no_7_588,89.70615090015977
wellbore_chev_no_7_589,94.43374783817995
wellbore_chev_no_7_590,104.19574758597997
wellbore_chev_no_7_591,112.88847458483995
wellbore_chev_no_7_592,120.08401755678001
wellbore_chev_no_7_593,106.73656249489991
wellbore_chev_no_7_594,104.15722305577987
wellbore_chev_no_7_595,103.80428626139985
wellbore_chev_no_7_596,103.36151789497991
wellbore_chev_no_7_597,86.10844320930016
wellbore_chev_no_7_598,95.51140776829975
wellbore_chev_no_7_599,95.82310424823984
wellbore_chev_no_7_600,95.9915329202797
wellbore_chev_no_7_601,92.90405122315977
wellbore_chev_no_7_602,96.9949007262602
wellbore_chev_no_7_603,97.63252708946017
wellbore_chev_no_7_604,97.93637469392016
wellbore_chev_no_7_605,97.47143616784014
wellbore_chev_no_7_606,94.54525077459977
wellbore_chev_no_7_607,87.67312997281991
wellbore_chev_no_7_608,86.07911652945991
wellbore_chev_no_7_609,86.70297733167993
wellbore_chev_no_7_610,97.12965538614004
wellbore_chev_no_7_611,86.51323346759996
wellbore_chev_no_7_612,86.09557751909993
wellbore_chev_no_7_613,87.05173955533998
wellbore_chev_no_7_614,92.35153415936006
wellbore_chev_no_7_615,95.76694495466002
wellbore_chev_no_7_616,91.24673743590009
wellbore_chev_no_7_617,91.53770517170011
wellbore_chev_no_7_618,92.03605123296006
wellbore_chev_no_7_619,93.42190287732
wellbore_chev_no_7_620,89.54044878320003
wellbore_chev_no_7_621,92.84644174709999
wellbore_chev_no_7_622,98.54708393503988
wellbore_chev_no_7_623,93.93547191239992
wellbore_chev_no_7_624,95.71792459570001
wellbore_chev_no_7_625,96.94405230773982
wellbore_chev_no_7_626,96.43060882719982
wellbore_chev_no_7_627,96.46005433603982
wellbore_chev_no_7_628,91.83092910849989
wellbore_chev_no_7_629,90.56964193317987
wellbore_chev_no_7_630,89.80145378481986
wellbore_chev_no_7_631,90.15124662887985
wellbore_chev_no_7_632,91.23686612416002
wellbore_chev_no_7_633,90.4078861084599
wellbore_chev_no_7_634,90.63319458465983
wellbore_chev_no_7_635,90.77452048555986
wellbore_chev_no_7_636,90.78867869629985
wellbore_chev_no_7_637,94.14424050682004
wellbore_chev_no_7_638,90.89128310745988
wellbore_chev_no_7_639,90.99124909749986
wellbore_chev_no_7_640,91.10181295237989
wellbore_chev_no_7_641,93.33385026604006
wellbore_chev_no_7_642,91.86928533197994
wellbore_chev_no_7_643,92.76224978447996
wellbore_chev_no_7_644,93.01392326309994
wellbore_chev_no_7_645,92.66515479275994
wellbore_chev_no_7_646,97.24775041413972
wellbore_chev_no_7_647,100.56107717420004
wellbore_chev_no_7_648,91.24445999619985
wellbore_chev_no_7_649,72.52193125027992
wellbore_chev_no_7_650,89.81548416143995
wellbore_chev_no_7_651,84.86999198163988
wellbore_chev_no_7_652,84.32543612579995
wellbore_chev_no_7_653,77.78798497873996
wellbore_chev_no_7_654,80.40691851134
wellbore_chev_no_7_655,75.27902398796003
wellbore_chev_no_7_656,82.86099012118008
wellbore_chev_no_7_657,82.15454536072005
wellbore_chev_no_7_658,83.94191899300004
wellbore_chev_no_7_659,83.37061748318006
wellbore_chev_no_7_660,65.1294808613401
wellbore_chev_no_7_661,90.72828585165996
wellbore_chev_no_7_662,75.97530556823997
wellbore_chev_no_7_663,89.95267939220004
wellbore_chev_no_7_664,101.51160767071994
wellbore_chev_no_7_665,88.45314364209975
wellbore_chev_no_7_666,106.05153289187983
wellbore_chev_no_7_667,89.61839929289991
wellbore_chev_no_7_668,81.17600237920014
wellbore_chev_no_7_669,77.62001312883002
wellbore_chev_no_7_670,75.63417640738025
wellbore_chev_no_7_671,100.03403824762002
wellbore_chev_no_7_672,39.707210764549984
wellbore_chev_no_7_673,39.127730275769984
wellbore_chev_no_7_674,38.64241185282995
wellbore_chev_no_7_675,51.315821009440086
wellbore_chev_no_7_676,96.09767645033988
wellbore_chev_no_7_677,74.64792027388013
wellbore_chev_no_7_678,116.49517898465987
wellbore_chev_no_7_679,84.9079491901401
wellbore_chev_no_7_680,65.43222258974018
wellbore_chev_no_7_681,44.77170015227003
wellbore_chev_no_7_682,65.81273513566018
wellbore_chev_no_7_683,110.44407209513994
wellbore_chev_no_7_684,113.86142466599993
wellbore_chev_no_7_685,96.98640133725992
wellbore_chev_no_7_686,104.6697446037801
wellbore_chev_no_7_687,111.73628080144007
wellbore_chev_no_7_688,106.69682998784006
wellbore_chev_no_7_689,107.6914294959001
wellbore_chev_no_7_690,107.79740303376008
wellbore_chev_no_7_691,108.6021733127601
wellbore_chev_no_7_692,109.01992731630008
wellbore_chev_no_7_693,110.8664052516201
wellbore_chev_no_7_694,107.87675499468007
wellbore_chev_no_7_695,118.9381455621799
wellbore_chev_no_7_696,111.17480096406005
wellbore_chev_no_7_697,111.59456092234005
wellbore_chev_no_7_698,110.33232806640008
wellbore_chev_no_7_699,106.77421120072033
wellbore_chev_no_7_700,108.64857154944016
wellbore_chev_no_7_701,109.1753871104601
wellbore_chev_no_7_702,114.88203876421981
wellbore_chev_no_7_703,111.98591392770001
wellbore_chev_no_7_704,115.88188439313981
wellbore_chev_no_7_705,113.84060296316002
wellbore_chev_no_7_706,119.81833009072008
wellbore_chev_no_7_707,127.37034572382012
wellbore_chev_no_7_708,133.34030156740002
wellbore_chev_no_7_709,130.51311900746003
wellbore_chev_no_7_710,129.43010427419998
wellbore_chev_no_7_711,127.68969181060014
wellbore_chev_no_7_712,132.29113361339992
wellbore_chev_no_7_713,127.85713280094011
wellbore_chev_no_7_714,126.96113178738008
wellbore_chev_no_7_715,126.58263535670012
wellbore_chev_no_7_716,127.58700130786018
wellbore_chev_no_7_717,126.60534537684019
wellbore_chev_no_7_718,126.7310114167002
wellbore_chev_no_7_719,126.3558420249002
wellbore_chev_no_7_720,126.17384528764025
wellbore_chev_no_7_721,126.05246405878023
wellbore_chev_no_7_722,125.54800128488023
wellbore_chev_no_7_723,122.11436963026036
wellbore_chev_no_7_724,121.81469053588032
wellbore_chev_no_7_725,121.46870090802035
wellbore_chev_no_7_726,141.48771207338046
wellbore_chev_no_7_727,141.37669502078035
wellbore_chev_no_7_728,140.95328896832027
wellbore_chev_no_7_729,129.63423371182054
wellbore_chev_no_7_730,124.00765510566025
wellbore_chev_no_7_731,120.39499277498042
wellbore_chev_no_7_732,120.81754579530039
wellbore_chev_no_7_733,119.3656448121004
wellbore_chev_no_7_734,115.98553854240036
wellbore_chev_no_7_735,115.86404036734035
wellbore_chev_no_7_736,115.05611869500034
wellbore_chev_no_7_737,114.70543191710037
wellbore_chev_no_7_738,114.43082718356037
wellbore_chev_no_7_739,114.6168129346803
wellbore_chev_no_7_740,112.38706225470033
wellbore_chev_no_7_741,114.40074098538028
wellbore_chev_no_7_742,111.41126306056036
wellbore_chev_no_7_743,116.82633477640037
wellbore_chev_no_7_744,107.48216196508038
wellbore_chev_no_7_745,105.69188778186037
wellbore_chev_no_7_746,106.51102006098039
wellbore_chev_no_7_747,108.13979412830042
wellbore_chev_no_7_748,108.87058209810034
wellbore_chev_no_7_749,111.53645217000043
wellbore_chev_no_7_750,107.68647882514034
wellbore_chev_no_7_751,121.27463140582044
wellbore_chev_no_7_752,141.21299843570017
wellbore_chev_no_7_753,148.99007725443977
wellbore_chev_no_7_754,152.0123240891597
wellbore_chev_no_7_755,134.1326350941202
wellbore_chev_no_7_756,147.3706439954
wellbore_chev_no_7_757,135.16115783882026
wellbore_chev_no_7_758,148.31460206719996
wellbore_chev_no_7_759,139.4061827535601
wellbore_chev_no_7_760,139.9295074682801
wellbore_chev_no_7_761,139.45790249754015
wellbore_chev_no_7_762,136.99233751658028
wellbore_chev_no_7_763,135.36739616168032
wellbore_chev_no_7_764,140.82107699970018
wellbore_chev_no_7_765,142.15875299538
wellbore_chev_no_7_766,132.46464141916036
wellbore_chev_no_7_767,116.10487231952011
wellbore_chev_no_7_768,115.31266295000012
wellbore_chev_no_7_769,114.52612751542004
wellbore_chev_no_7_770,103.7012371921
wellbore_chev_no_7_771,113.32885526076016
wellbore_chev_no_7_772,113.77624865942019
wellbore_chev_no_7_773,106.41496548017999
wellbore_chev_no_7_774,114.43494247106024
wellbore_chev_no_7_775,112.81316460236019
wellbore_chev_no_7_776,114.23848325200018
wellbore_chev_no_7_777,106.96599839402016
wellbore_chev_no_7_778,114.7185685446002
wellbore_chev_no_7_779,102.5578704217999
wellbore_chev_no_7_780,115.90737099022026
wellbore_chev_no_7_781,113.82204738772023
wellbore_chev_no_7_782,113.53104133236023
wellbore_chev_no_7_783,105.69286125438036
wellbore_chev_no_7_784,104.79568829548032
